{"benchmark":{"duration":"10m0s","name":"fulltext_10m_cold","namespaces":1},"ingest":{"bytes":9248063826,"count":10000000,"indexed_duration":"1h35m0.520970424s","indexed_duration_secs":5700,"ingest_duration":"1h24m17.088550375s","ingest_duration_secs":5057},"queries":{"fts":{"cold":{"count":599,"latencies":{"max":1503,"min":298,"p10":376,"p25":429,"p50":479,"p75":538,"p90":600,"p95":660,"p99":815},"throughput":1.0016846172459435},"combined":{"count":599,"latencies":{"max":1503,"min":298,"p10":376,"p25":429,"p50":479,"p75":538,"p90":600,"p95":660,"p99":815},"throughput":1.0016846172459435}}}}
