{"benchmark":{"duration":"10m0s","name":"fulltext_10m_hot","namespaces":1},"ingest":{"bytes":10004457164,"count":10000000,"indexed_duration":"51m53.137787732s","indexed_duration_secs":3113,"ingest_duration":"50m32.54415202s","ingest_duration_secs":3032},"queries":{"fts":{"combined":{"count":19199,"latencies":{"max":90,"min":7,"p10":10,"p25":12,"p50":13,"p75":17,"p90":22,"p95":27,"p99":36},"throughput":32.001384269199605},"hot":{"count":18211,"latencies":{"max":90,"min":7,"p10":10,"p25":12,"p50":13,"p75":17,"p90":22,"p95":27,"p99":36},"throughput":30.354560598280845},"warm":{"count":988,"latencies":{"max":73,"min":8,"p10":10,"p25":12,"p50":14,"p75":18,"p90":23,"p95":28,"p99":36},"throughput":1.6468236709187565}}}}
