{"benchmark":{"duration":"10m0s","name":"vectors_10m_hot","namespaces":1},"ingest":{"bytes":41040000000,"count":10000000,"indexed_duration":"23m56.212355494s","indexed_duration_secs":1436,"ingest_duration":"9m41.485125185s","ingest_duration_secs":581},"queries":{"ann":{"combined":{"count":19199,"latencies":{"max":248,"min":8,"p10":10,"p25":11,"p50":12,"p75":14,"p90":17,"p95":26,"p99":61},"throughput":32.00080266215043},"hot":{"count":19150,"latencies":{"max":248,"min":8,"p10":10,"p25":11,"p50":12,"p75":14,"p90":17,"p95":26,"p99":61},"throughput":31.919129693222597},"warm":{"count":49,"latencies":{"max":28,"min":9,"p10":10,"p25":11,"p50":13,"p75":15,"p90":16,"p95":19,"p99":28},"throughput":0.08167296892782806}}}}
