{"benchmark":{"duration":"10m0s","name":"vectors_10m_cold","namespaces":1},"ingest":{"bytes":41040000000,"count":10000000,"indexed_duration":"35m14.039020435s","indexed_duration_secs":2114,"ingest_duration":"8m24.64810013s","ingest_duration_secs":504},"queries":{"ann":{"cold":{"count":547,"latencies":{"max":15946,"min":747,"p10":2112,"p25":3474,"p50":6821,"p75":9252,"p90":10564,"p95":11446,"p99":13465},"throughput":0.9165571540184351},"combined":{"count":547,"latencies":{"max":15946,"min":747,"p10":2112,"p25":3474,"p50":6821,"p75":9252,"p90":10564,"p95":11446,"p99":13465},"throughput":0.9165571540184351}}}}
