{"benchmark":{"duration":"10m0s","name":"fulltext_10m_hot","namespaces":1},"ingest":{"bytes":0,"count":1000000,"indexed_duration":"5m0.838682323s","indexed_duration_secs":300,"ingest_duration":"19.347427928s","ingest_duration_secs":19},"queries":{"fts":{"cold":{"count":3,"latencies":{"max":12,"min":9,"p10":9,"p25":9,"p50":11,"p75":11,"p90":12,"p95":12,"p99":12},"throughput":0.00500044650343617},"combined":{"count":19199,"latencies":{"max":151,"min":5,"p10":9,"p25":10,"p50":11,"p75":13,"p90":14,"p95":16,"p99":24},"throughput":32.00119080649034},"hot":{"count":18720,"latencies":{"max":233,"min":5,"p10":9,"p25":10,"p50":11,"p75":13,"p90":14,"p95":16,"p99":24},"throughput":31.2027861814417},"warm":{"count":476,"latencies":{"max":47,"min":7,"p10":9,"p25":10,"p50":11,"p75":13,"p90":14,"p95":17,"p99":28},"throughput":0.7934041785452056}}}}
