{"benchmark":{"duration":"10m0s","name":"fulltext_10m_cold","namespaces":1},"ingest":{"bytes":9873835809,"count":10000000,"indexed_duration":"52m39.954195826s","indexed_duration_secs":3159,"ingest_duration":"49m38.895062472s","ingest_duration_secs":2978},"queries":{"fts":{"cold":{"count":6683,"latencies":{"max":2286,"min":240,"p10":363,"p25":425,"p50":574,"p75":933,"p90":1263,"p95":1421,"p99":1692},"throughput":11.210755308402582},"combined":{"count":6683,"latencies":{"max":2286,"min":240,"p10":363,"p25":425,"p50":574,"p75":933,"p90":1263,"p95":1421,"p99":1692},"throughput":11.210755308402582}}}}
