{"benchmark":{"duration":"10m0s","name":"vectors_10m_hot","namespaces":1},"ingest":{"bytes":3754614168,"count":10000000,"indexed_duration":"27m11.923037467s","indexed_duration_secs":1631,"ingest_duration":"13m37.572208911s","ingest_duration_secs":817},"queries":{"ann":{"combined":{"count":19199,"latencies":{"max":274,"min":8,"p10":10,"p25":11,"p50":13,"p75":14,"p90":17,"p95":20,"p99":43},"throughput":32.00306762857544},"hot":{"count":19132,"latencies":{"max":277,"min":8,"p10":10,"p25":11,"p50":13,"p75":14,"p90":17,"p95":20,"p99":42},"throughput":31.891384440330498},"warm":{"count":67,"latencies":{"max":109,"min":9,"p10":11,"p25":12,"p50":13,"p75":16,"p90":20,"p95":56,"p99":101},"throughput":0.11168318824493745}}}}
