{"benchmark":{"duration":"10m0s","name":"vectors_10m_cold","namespaces":1},"ingest":{"bytes":2589390072,"count":10000000,"indexed_duration":"28m50.326385174s","indexed_duration_secs":1730,"ingest_duration":"10m24.500546821s","ingest_duration_secs":624},"queries":{"ann":{"cold":{"count":897,"latencies":{"max":15555,"min":1879,"p10":3313,"p25":4135,"p50":4982,"p75":6224,"p90":7225,"p95":8418,"p99":12950},"throughput":1.5341656201806302},"combined":{"count":897,"latencies":{"max":15555,"min":1879,"p10":3313,"p25":4135,"p50":4982,"p75":6224,"p90":7225,"p95":8418,"p99":12950},"throughput":1.5341656201806302}}}}
