{"benchmark":{"duration":"10m0s","name":"fulltext_1m","namespaces":1},"ingest":{"bytes":988653742,"count":1000000,"indexed_duration":"1m45.601331682s","indexed_duration_secs":105,"ingest_duration":"33.497360068s","ingest_duration_secs":33},"queries":{"fts":{"cold":{"count":2,"latencies":{"max":65,"min":56,"p10":56,"p25":56,"p50":60,"p75":65,"p90":65,"p95":65,"p99":65},"throughput":0.0033361168310351696},"combined":{"count":19192,"latencies":{"max":617,"min":51,"p10":56,"p25":58,"p50":60,"p75":63,"p90":69,"p95":116,"p99":227},"throughput":32.01337711061349},"hot":{"count":18761,"latencies":{"max":617,"min":51,"p10":56,"p25":58,"p50":60,"p75":63,"p90":69,"p95":112,"p99":226},"throughput":31.294443933525407},"warm":{"count":429,"latencies":{"max":288,"min":52,"p10":56,"p25":58,"p50":61,"p75":65,"p90":144,"p95":213,"p99":234},"throughput":0.7155970602570438}}}}
