{"benchmark":{"duration":"10m0s","name":"vector_1m","namespaces":1},"ingest":{"bytes":4104000000,"count":1000000,"indexed_duration":"4m19.646818083s","indexed_duration_secs":259,"ingest_duration":"1m56.470104241s","ingest_duration_secs":116},"queries":{"ann":{"combined":{"count":19197,"latencies":{"max":252,"min":52,"p10":57,"p25":59,"p50":61,"p75":64,"p90":68,"p95":72,"p99":143},"throughput":32.00492324535051},"hot":{"count":19184,"latencies":{"max":263,"min":52,"p10":57,"p25":59,"p50":61,"p75":64,"p90":68,"p95":72,"p99":141},"throughput":31.98324985876982},"warm":{"count":13,"latencies":{"max":203,"min":59,"p10":59,"p25":70,"p50":91,"p75":154,"p90":174,"p95":197,"p99":203},"throughput":0.021673386580692643}}}}
