{"benchmark":{"duration":"10m0s","name":"fulltext_10m_hot","namespaces":1},"ingest":{"bytes":9981203804,"count":10000000,"indexed_duration":"47m41.65686874s","indexed_duration_secs":2861,"ingest_duration":"39m19.087279638s","ingest_duration_secs":2359},"queries":{"fts":{"combined":{"count":19199,"latencies":{"max":123,"min":7,"p10":10,"p25":12,"p50":14,"p75":19,"p90":25,"p95":30,"p99":39},"throughput":32.00135115824501},"hot":{"count":18363,"latencies":{"max":123,"min":7,"p10":10,"p25":12,"p50":14,"p75":19,"p90":25,"p95":30,"p99":39},"throughput":30.60788641694115},"warm":{"count":836,"latencies":{"max":84,"min":7,"p10":10,"p25":12,"p50":14,"p75":20,"p90":27,"p95":32,"p99":40},"throughput":1.393464741303861}}}}
