{"benchmark":{"duration":"10m0s","name":"fulltext_10m_cold","namespaces":1},"ingest":{"bytes":10001489178,"count":10000000,"indexed_duration":"56m18.671062878s","indexed_duration_secs":3378,"ingest_duration":"48m16.148658488s","ingest_duration_secs":2896},"queries":{"fts":{"cold":{"count":599,"latencies":{"max":9906,"min":274,"p10":359,"p25":409,"p50":469,"p75":599,"p90":2776,"p95":4381,"p99":8322},"throughput":1.0019696419919393},"combined":{"count":599,"latencies":{"max":9906,"min":274,"p10":359,"p25":409,"p50":469,"p75":599,"p90":2776,"p95":4381,"p99":8322},"throughput":1.0019696419919393}}}}
