{"benchmark":{"duration":"10m0s","name":"vectors_10m_cold","namespaces":1},"ingest":{"bytes":41040000000,"count":10000000,"indexed_duration":"24m12.343840242s","indexed_duration_secs":1452,"ingest_duration":"7m57.439800479s","ingest_duration_secs":477},"queries":{"ann":{"cold":{"count":561,"latencies":{"max":38514,"min":705,"p10":1569,"p25":2635,"p50":4567,"p75":8128,"p90":9641,"p95":10506,"p99":29873},"throughput":0.9402787301065272},"combined":{"count":561,"latencies":{"max":38514,"min":705,"p10":1569,"p25":2635,"p50":4567,"p75":8128,"p90":9641,"p95":10506,"p99":29873},"throughput":0.9402787301065272}}}}
