{"benchmark":{"duration":"10m0s","name":"vectors_10m_hot","namespaces":1},"ingest":{"bytes":41040000000,"count":10000000,"indexed_duration":"21m44.157067272s","indexed_duration_secs":1304,"ingest_duration":"10m0.384545846s","ingest_duration_secs":600},"queries":{"ann":{"combined":{"count":19199,"latencies":{"max":84,"min":8,"p10":10,"p25":11,"p50":12,"p75":13,"p90":15,"p95":17,"p99":26},"throughput":32.00123555642715},"hot":{"count":19143,"latencies":{"max":84,"min":8,"p10":10,"p25":11,"p50":12,"p75":13,"p90":15,"p95":17,"p99":26},"throughput":31.90789375783556},"warm":{"count":56,"latencies":{"max":22,"min":10,"p10":10,"p25":11,"p50":13,"p75":14,"p90":16,"p95":17,"p99":21},"throughput":0.09334179859158916}}}}
