{"benchmark":{"duration":"10m0s","name":"fulltext_10m_hot","namespaces":1},"ingest":{"bytes":988653742,"count":1000000,"indexed_duration":"14m1.30208403s","indexed_duration_secs":841,"ingest_duration":"57.90957567s","ingest_duration_secs":57},"queries":{"fts":{"cold":{"count":1,"latencies":{"max":12,"min":12,"p10":12,"p25":12,"p50":12,"p75":12,"p90":12,"p95":12,"p99":12},"throughput":0.0016699240293958004},"combined":{"count":19172,"latencies":{"max":91,"min":6,"p10":9,"p25":10,"p50":12,"p75":13,"p90":15,"p95":16,"p99":23},"throughput":32.015783491576286},"hot":{"count":18745,"latencies":{"max":91,"min":6,"p10":9,"p25":10,"p50":12,"p75":13,"p90":15,"p95":16,"p99":23},"throughput":31.302725931024277},"warm":{"count":426,"latencies":{"max":61,"min":8,"p10":10,"p25":11,"p50":12,"p75":14,"p90":16,"p95":17,"p99":61},"throughput":0.7113876365226109}}}}
