{"benchmark":{"duration":"10m0s","name":"fulltext_10m_cold","namespaces":1},"ingest":{"bytes":10004986375,"count":10000000,"indexed_duration":"43m29.8751209s","indexed_duration_secs":2609,"ingest_duration":"39m18.466544964s","ingest_duration_secs":2358},"queries":{"fts":{"cold":{"count":599,"latencies":{"max":2121,"min":262,"p10":347,"p25":385,"p50":433,"p75":491,"p90":561,"p95":630,"p99":806},"throughput":1.0012358412732354},"combined":{"count":599,"latencies":{"max":2121,"min":262,"p10":347,"p25":385,"p50":433,"p75":491,"p90":561,"p95":630,"p99":806},"throughput":1.0012358412732354}}}}
