{"benchmark":{"duration":"10m0s","name":"vectors_10m_cold","namespaces":1},"ingest":{"bytes":3711435984,"count":10000000,"indexed_duration":"20m4.226706957s","indexed_duration_secs":1204,"ingest_duration":"8m30.94090246s","ingest_duration_secs":510},"queries":{"ann":{"cold":{"count":598,"latencies":{"max":10480,"min":467,"p10":693,"p25":884,"p50":1135,"p75":1445,"p90":1900,"p95":2582,"p99":8625},"throughput":1.002240993244582},"combined":{"count":598,"latencies":{"max":10480,"min":467,"p10":693,"p25":884,"p50":1135,"p75":1445,"p90":1900,"p95":2582,"p99":8625},"throughput":1.002240993244582}}}}
