{"benchmark":{"duration":"10m0s","name":"vectors_10m_hot","namespaces":1},"ingest":{"bytes":2200995720,"count":10000000,"indexed_duration":"26m33.659113559s","indexed_duration_secs":1593,"ingest_duration":"10m29.064099785s","ingest_duration_secs":629},"queries":{"ann":{"cold":{"count":12,"latencies":{"max":2645,"min":768,"p10":789,"p25":839,"p50":2475,"p75":2569,"p90":2624,"p95":2642,"p99":2645},"throughput":0.020089569608704567},"combined":{"count":19105,"latencies":{"max":2645,"min":8,"p10":10,"p25":11,"p50":13,"p75":15,"p90":58,"p95":115,"p99":193},"throughput":31.984268947858393},"hot":{"count":16708,"latencies":{"max":168,"min":8,"p10":10,"p25":11,"p50":12,"p75":14,"p90":16,"p95":18,"p99":41},"throughput":27.97137741851966},"warm":{"count":2385,"latencies":{"max":828,"min":9,"p10":44,"p25":65,"p50":101,"p75":138,"p90":183,"p95":208,"p99":261},"throughput":3.9928019597300324}}}}
