{"benchmark":{"duration":"10m0s","name":"fulltext_1m","namespaces":1},"ingest":{"bytes":988653742,"count":1000000,"indexed_duration":"2m0.721325407s","indexed_duration_secs":120,"ingest_duration":"1m0.401317751s","ingest_duration_secs":60},"queries":{"fts":{"cold":{"count":1,"latencies":{"max":9,"min":9,"p10":9,"p25":9,"p50":9,"p75":9,"p90":9,"p95":9,"p99":9},"throughput":0.0016708624112479694},"combined":{"count":19161,"latencies":{"max":166,"min":6,"p10":9,"p25":10,"p50":11,"p75":12,"p90":14,"p95":16,"p99":26},"throughput":32.01539466192234},"hot":{"count":18730,"latencies":{"max":166,"min":6,"p10":9,"p25":10,"p50":11,"p75":12,"p90":14,"p95":16,"p99":26},"throughput":31.295252962674468},"warm":{"count":430,"latencies":{"max":61,"min":7,"p10":9,"p25":10,"p50":11,"p75":12,"p90":14,"p95":16,"p99":61},"throughput":0.7184708368366268}}}}
