{"benchmark":{"duration":"10m0s","name":"vector_1m","namespaces":1},"ingest":{"bytes":4104000000,"count":1000000,"indexed_duration":"14m33.222574554s","indexed_duration_secs":873,"ingest_duration":"1m29.763917467s","ingest_duration_secs":89},"queries":{"ann":{"cold":{"count":11,"latencies":{"max":2114,"min":193,"p10":212,"p25":670,"p50":1958,"p75":2044,"p90":2094,"p95":2112,"p99":2114},"throughput":0.018399140379183065},"combined":{"count":19140,"latencies":{"max":2114,"min":7,"p10":10,"p25":11,"p50":12,"p75":13,"p90":16,"p95":19,"p99":59},"throughput":32.01450425977853},"hot":{"count":18769,"latencies":{"max":239,"min":7,"p10":10,"p25":11,"p50":12,"p75":13,"p90":15,"p95":17,"p99":27},"throughput":31.393951434262448},"warm":{"count":360,"latencies":{"max":265,"min":9,"p10":30,"p25":35,"p50":47,"p75":84,"p90":108,"p95":134,"p99":190},"throughput":0.6021536851369003}}}}
