{"benchmark":{"duration":"10m0s","name":"fulltext_10m_cold","namespaces":1},"ingest":{"bytes":10004918383,"count":10000000,"indexed_duration":"40m1.485736581s","indexed_duration_secs":2401,"ingest_duration":"34m19.759209237s","ingest_duration_secs":2059},"queries":{"fts":{"cold":{"count":599,"latencies":{"max":853,"min":288,"p10":351,"p25":402,"p50":449,"p75":491,"p90":543,"p95":588,"p99":745},"throughput":1.0028879502598498},"combined":{"count":599,"latencies":{"max":853,"min":288,"p10":351,"p25":402,"p50":449,"p75":491,"p90":543,"p95":588,"p99":745},"throughput":1.0028879502598498}}}}
