{"benchmark":{"duration":"10m0s","name":"fulltext_10m_hot","namespaces":1},"ingest":{"bytes":1035971709,"count":1000000,"indexed_duration":"13m24.182403031s","indexed_duration_secs":804,"ingest_duration":"20.761568894s","ingest_duration_secs":20},"queries":{"fts":{"cold":{"count":2,"latencies":{"max":14,"min":12,"p10":12,"p25":12,"p50":13,"p75":14,"p90":14,"p95":14,"p99":14},"throughput":0.0033336225093346518},"combined":{"count":19199,"latencies":{"max":152,"min":7,"p10":9,"p25":10,"p50":12,"p75":13,"p90":15,"p95":16,"p99":23},"throughput":32.00110927835799},"hot":{"count":18730,"latencies":{"max":248,"min":7,"p10":9,"p25":10,"p50":12,"p75":13,"p90":15,"p95":16,"p99":23},"throughput":31.219374799919013},"warm":{"count":467,"latencies":{"max":46,"min":8,"p10":10,"p25":11,"p50":12,"p75":13,"p90":15,"p95":16,"p99":24},"throughput":0.7784008559296411}}}}
