{"benchmark":{"duration":"10m0s","name":"vectors_10m_hot","namespaces":1},"ingest":{"bytes":2373618168,"count":10000000,"indexed_duration":"1h55m19.920551515s","indexed_duration_secs":6919,"ingest_duration":"7m51.26940873s","ingest_duration_secs":471},"queries":{"ann":{"cold":{"count":20,"latencies":{"max":3119,"min":257,"p10":326,"p25":1001,"p50":1140,"p75":2979,"p90":3072,"p95":3103,"p99":3119},"throughput":0.03350930455367378},"combined":{"count":19075,"latencies":{"max":3119,"min":8,"p10":10,"p25":11,"p50":13,"p75":15,"p90":43,"p95":108,"p99":190},"throughput":31.959499218066366},"hot":{"count":17036,"latencies":{"max":110,"min":8,"p10":10,"p25":11,"p50":12,"p75":14,"p90":16,"p95":18,"p99":42},"throughput":28.543225618819324},"warm":{"count":2019,"latencies":{"max":562,"min":9,"p10":38,"p25":63,"p50":103,"p75":140,"p90":182,"p95":217,"p99":289},"throughput":3.3827642946933683}}}}
