{"benchmark":{"duration":"10m0s","name":"vectors_10m_cold","namespaces":1},"ingest":{"bytes":2848336056,"count":10000000,"indexed_duration":"38m48.001701015s","indexed_duration_secs":2328,"ingest_duration":"8m29.228472828s","ingest_duration_secs":509},"queries":{"ann":{"cold":{"count":598,"latencies":{"max":3363,"min":448,"p10":693,"p25":865,"p50":1106,"p75":1281,"p90":1416,"p95":1599,"p99":2286},"throughput":1.0018195065512305},"combined":{"count":598,"latencies":{"max":3363,"min":448,"p10":693,"p25":865,"p50":1106,"p75":1281,"p90":1416,"p95":1599,"p99":2286},"throughput":1.0018195065512305}}}}
